<?xml version="1.0" encoding="UTF-8"?>
<CustomField xmlns="http://soap.sforce.com/2006/04/metadata">
    <fullName>Designation__c</fullName>
    <externalId>false</externalId>
    <label>Designation</label>
    <required>false</required>
    <trackTrending>false</trackTrending>
    <type>Picklist</type>
    <valueSet>
        <restricted>true</restricted>
        <valueSetDefinition>
            <sorted>false</sorted>
            <value>
                <fullName>Developer</fullName>
                <default>false</default>
                <label>Developer</label>
            </value>
            <value>
                <fullName>Manager</fullName>
                <default>false</default>
                <label>Manager</label>
            </value>
            <value>
                <fullName>Testing</fullName>
                <default>false</default>
                <label>Testing</label>
            </value>
            <value>
                <fullName>Technical Support</fullName>
                <default>false</default>
                <label>Technical Support</label>
            </value>
        </valueSetDefinition>
    </valueSet>
</CustomField>
