<?xml version="1.0" encoding="UTF-8"?>
<CustomField xmlns="http://soap.sforce.com/2006/04/metadata">
    <fullName>Project__c</fullName>
    <deleteConstraint>SetNull</deleteConstraint>
    <externalId>false</externalId>
    <label>Project</label>
    <referenceTo>Project__c</referenceTo>
    <relationshipLabel>Employees</relationshipLabel>
    <relationshipName>Employees</relationshipName>
    <required>false</required>
    <trackTrending>false</trackTrending>
    <type>Lookup</type>
</CustomField>
