<?xml version="1.0" encoding="UTF-8"?>
<CustomField xmlns="http://soap.sforce.com/2006/04/metadata">
    <fullName>Employee__c</fullName>
    <externalId>false</externalId>
    <label>Employee</label>
    <referenceTo>Employee__c</referenceTo>
    <relationshipLabel>Tasks Assigned</relationshipLabel>
    <relationshipName>Tasks_Assigned</relationshipName>
    <relationshipOrder>0</relationshipOrder>
    <reparentableMasterDetail>false</reparentableMasterDetail>
    <trackHistory>false</trackHistory>
    <trackTrending>false</trackTrending>
    <type>MasterDetail</type>
    <writeRequiresMasterRead>false</writeRequiresMasterRead>
</CustomField>
