<?xml version="1.0" encoding="UTF-8"?>
<CustomField xmlns="http://soap.sforce.com/2006/04/metadata">
    <fullName>Industry__c</fullName>
    <externalId>false</externalId>
    <label>Industry</label>
    <required>false</required>
    <trackHistory>false</trackHistory>
    <trackTrending>false</trackTrending>
    <type>Picklist</type>
    <valueSet>
        <restricted>true</restricted>
        <valueSetDefinition>
            <sorted>false</sorted>
            <value>
                <fullName>Agriculture</fullName>
                <default>false</default>
                <label>Agriculture</label>
            </value>
            <value>
                <fullName>Basic Metal Production</fullName>
                <default>false</default>
                <label>Basic Metal Production</label>
            </value>
            <value>
                <fullName>Chemical industries</fullName>
                <default>false</default>
                <label>Chemical industries</label>
            </value>
            <value>
                <fullName>Commerce</fullName>
                <default>false</default>
                <label>Commerce</label>
            </value>
            <value>
                <fullName>Construction</fullName>
                <default>false</default>
                <label>Construction</label>
            </value>
            <value>
                <fullName>Education</fullName>
                <default>false</default>
                <label>Education</label>
            </value>
            <value>
                <fullName>Financial services</fullName>
                <default>false</default>
                <label>Financial services</label>
            </value>
            <value>
                <fullName>Food</fullName>
                <default>false</default>
                <label>Food</label>
            </value>
            <value>
                <fullName>Gas</fullName>
                <default>false</default>
                <label>Gas</label>
            </value>
            <value>
                <fullName>IT</fullName>
                <default>false</default>
                <label>IT</label>
            </value>
            <value>
                <fullName>Public Service</fullName>
                <default>false</default>
                <label>Public Service</label>
            </value>
            <value>
                <fullName>Textile</fullName>
                <default>false</default>
                <label>Textile</label>
            </value>
            <value>
                <fullName>Transport</fullName>
                <default>false</default>
                <label>Transport</label>
            </value>
            <value>
                <fullName>Utilities</fullName>
                <default>false</default>
                <label>Utilities</label>
            </value>
        </valueSetDefinition>
    </valueSet>
</CustomField>
