<?xml version="1.0" encoding="UTF-8"?>
<CustomField xmlns="http://soap.sforce.com/2006/04/metadata">
    <fullName>State__c</fullName>
    <externalId>false</externalId>
    <label>State</label>
    <required>false</required>
    <trackHistory>false</trackHistory>
    <trackTrending>false</trackTrending>
    <type>Picklist</type>
    <valueSet>
        <controllingField>Country__c</controllingField>
        <restricted>true</restricted>
        <valueSetDefinition>
            <sorted>false</sorted>
            <value>
                <fullName>Maharashtra</fullName>
                <default>false</default>
                <label>Maharashtra</label>
            </value>
            <value>
                <fullName>Gujrat</fullName>
                <default>false</default>
                <label>Gujrat</label>
            </value>
            <value>
                <fullName>Kerla</fullName>
                <default>false</default>
                <label>Kerla</label>
            </value>
            <value>
                <fullName>California</fullName>
                <default>false</default>
                <label>California</label>
            </value>
            <value>
                <fullName>Florida</fullName>
                <default>false</default>
                <label>Florida</label>
            </value>
            <value>
                <fullName>New York</fullName>
                <default>false</default>
                <label>New York</label>
            </value>
            <value>
                <fullName>New South Wales</fullName>
                <default>false</default>
                <label>New South Wales</label>
            </value>
            <value>
                <fullName>South Australia</fullName>
                <default>false</default>
                <label>South Australia</label>
            </value>
        </valueSetDefinition>
        <valueSettings>
            <controllingFieldValue>India</controllingFieldValue>
            <valueName>Maharashtra</valueName>
        </valueSettings>
        <valueSettings>
            <controllingFieldValue>India</controllingFieldValue>
            <valueName>Gujrat</valueName>
        </valueSettings>
        <valueSettings>
            <controllingFieldValue>India</controllingFieldValue>
            <valueName>Kerla</valueName>
        </valueSettings>
        <valueSettings>
            <controllingFieldValue>USA</controllingFieldValue>
            <valueName>California</valueName>
        </valueSettings>
        <valueSettings>
            <controllingFieldValue>USA</controllingFieldValue>
            <valueName>Florida</valueName>
        </valueSettings>
        <valueSettings>
            <controllingFieldValue>USA</controllingFieldValue>
            <valueName>New York</valueName>
        </valueSettings>
        <valueSettings>
            <controllingFieldValue>Australia</controllingFieldValue>
            <valueName>New South Wales</valueName>
        </valueSettings>
        <valueSettings>
            <controllingFieldValue>Australia</controllingFieldValue>
            <valueName>South Australia</valueName>
        </valueSettings>
    </valueSet>
</CustomField>
